areaCode,areaName,areaType,date,newAdmissions,newCasesByPublishDate,newPeopleVaccinatedSecondDoseByPublishDate,newTestsByPublishDate
E92000001,England,nation,2021-12-13,,44931,,
E92000001,England,nation,2021-12-12,,40713,24900,1140279
E92000001,England,nation,2021-12-11,696,48540,34061,927390
E92000001,England,nation,2021-12-10,707,48908,28294,1082643
E92000001,England,nation,2021-12-09,799,43550,29840,1190280
E92000001,England,nation,2021-12-08,754,44019,25110,1163361
E92000001,England,nation,2021-12-07,799,38866,23206,943261
E92000001,England,nation,2021-12-06,736,41525,21622,1020251
E92000001,England,nation,2021-12-05,728,37396,20872,1027196
E92000001,England,nation,2021-12-04,635,39949,34276,795714
E92000001,England,nation,2021-12-03,624,43888,26469,958315
E92000001,England,nation,2021-12-02,719,45880,26919,1037506
E92000001,England,nation,2021-12-01,698,41519,28070,1083562
E92000001,England,nation,2021-11-30,699,33590,27933,914887
E92000001,England,nation,2021-11-29,669,34906,22601,940489
E92000001,England,nation,2021-11-28,607,32136,22482,913689
E92000001,England,nation,2021-11-27,609,35798,30616,668758
E92000001,England,nation,2021-11-26,620,42272,21923,796731
E92000001,England,nation,2021-11-25,650,40382,19615,942502
E92000001,England,nation,2021-11-24,752,36511,20048,985329
E92000001,England,nation,2021-11-23,659,36550,18562,817812
E92000001,England,nation,2021-11-22,602,36478,15567,913444
E92000001,England,nation,2021-11-21,648,33513,11240,903819
E92000001,England,nation,2021-11-20,611,36339,21592,664782
E92000001,England,nation,2021-11-19,637,37006,18723,777180
E92000001,England,nation,2021-11-18,697,39315,17429,895963
E92000001,England,nation,2021-11-17,727,30638,18511,945489
E92000001,England,nation,2021-11-16,713,30853,16897,717163
E92000001,England,nation,2021-11-15,695,31440,15525,850445
E92000001,England,nation,2021-11-14,678,29404,11959,827911
E92000001,England,nation,2021-11-13,655,33493,22806,608657
E92000001,England,nation,2021-11-12,729,33155,19229,742052
E92000001,England,nation,2021-11-11,797,35472,19560,880925
E92000001,England,nation,2021-11-10,821,31541,43996,929295
E92000001,England,nation,2021-11-09,808,27872,18208,757518
E92000001,England,nation,2021-11-08,850,24979,17398,861218
E92000001,England,nation,2021-11-07,739,23779,11202,792077
E92000001,England,nation,2021-11-06,688,26250,22869,599089
E92000001,England,nation,2021-11-05,686,28490,19037,734420
E92000001,England,nation,2021-11-04,717,30166,17167,838117
E92000001,England,nation,2021-11-03,807,34317,17374,895698
E92000001,England,nation,2021-11-02,891,28531,17807,772399
E92000001,England,nation,2021-11-01,899,32081,15751,850669
E92000001,England,nation,2021-10-31,860,31479,11464,866687
E92000001,England,nation,2021-10-30,741,36204,22479,617629
E92000001,England,nation,2021-10-29,840,36853,19175,735186
E92000001,England,nation,2021-10-28,888,33903,19586,771876
E92000001,England,nation,2021-10-27,955,37502,18740,809425
E92000001,England,nation,2021-10-26,911,32280,19499,733902
E92000001,England,nation,2021-10-25,865,33309,18251,729721
E92000001,England,nation,2021-10-24,829,33221,14138,739851
E92000001,England,nation,2021-10-23,756,41259,27527,656760
E92000001,England,nation,2021-10-22,760,41745,22423,824725
E92000001,England,nation,2021-10-21,799,44363,22027,912855
E92000001,England,nation,2021-10-20,903,41498,21701,1008194
E92000001,England,nation,2021-10-19,894,36712,21141,799095
E92000001,England,nation,2021-10-18,896,39473,20668,853034
E92000001,England,nation,2021-10-17,828,38543,14545,897406
E92000001,England,nation,2021-10-16,743,39624,30440,691155
E92000001,England,nation,2021-10-15,752,37691,25380,826424
E92000001,England,nation,2021-10-14,730,38488,23489,896469
E92000001,England,nation,2021-10-13,752,36458,24828,959549
E92000001,England,nation,2021-10-12,760,33287,22447,800480
E92000001,England,nation,2021-10-11,685,32349,20350,883867
E92000001,England,nation,2021-10-10,606,31096,15643,879451
E92000001,England,nation,2021-10-09,613,31259,29751,655126
E92000001,England,nation,2021-10-08,619,32157,25006,798238
E92000001,England,nation,2021-10-07,634,33305,24208,892854
E92000001,England,nation,2021-10-06,632,33450,24135,959529
E92000001,England,nation,2021-10-05,658,28846,24253,772715
E92000001,England,nation,2021-10-04,627,28251,24746,881998
E92000001,England,nation,2021-10-03,577,25176,17502,924980
E92000001,England,nation,2021-10-02,549,26794,30849,650177
E92000001,England,nation,2021-10-01,520,28836,29993,825558
E92000001,England,nation,2021-09-30,552,29826,30318,932846
E92000001,England,nation,2021-09-29,625,29036,29907,1010924
E92000001,England,nation,2021-09-28,596,28808,29670,768631
E92000001,England,nation,2021-09-27,617,29329,28590,935366
E92000001,England,nation,2021-09-26,535,25538,21476,1012531
E92000001,England,nation,2021-09-25,520,28087,43049,682408
E92000001,England,nation,2021-09-24,557,28199,39567,819383
E92000001,England,nation,2021-09-23,577,29045,41728,959997
E92000001,England,nation,2021-09-22,572,27317,39676,854373
E92000001,England,nation,2021-09-21,602,24973,39248,789577
E92000001,England,nation,2021-09-20,606,26905,41438,907467
E92000001,England,nation,2021-09-19,572,22173,30458,1017653
E92000001,England,nation,2021-09-18,560,22956,66134,631554
E92000001,England,nation,2021-09-17,540,23265,55257,773676
E92000001,England,nation,2021-09-16,672,22949,58941,924282
E92000001,England,nation,2021-09-15,691,22078,57096,1014076
E92000001,England,nation,2021-09-14,701,19739,56521,780563
E92000001,England,nation,2021-09-13,688,21077,54807,956103
E92000001,England,nation,2021-09-12,658,19913,42902,961127
E92000001,England,nation,2021-09-11,649,23825,86068,651514
E92000001,England,nation,2021-09-10,680,26653,78763,967623
E92000001,England,nation,2021-09-09,790,27049,86592,1105398
E92000001,England,nation,2021-09-08,900,29286,75548,1119627
E92000001,England,nation,2021-09-07,801,27545,73004,1046206
E92000001,England,nation,2021-09-06,831,27202,69758,1247856
E92000001,England,nation,2021-09-05,691,27022,59265,913493
E92000001,England,nation,2021-09-04,752,29614,116327,657090
E92000001,England,nation,2021-09-03,688,31726,98122,1100644
E92000001,England,nation,2021-09-02,788,28686,103997,1050554
E92000001,England,nation,2021-09-01,835,24723,102086,923737
E92000001,England,nation,2021-08-31,798,20967,105003,809943
E92000001,England,nation,2021-08-30,808,21324,52137,600424
E92000001,England,nation,2021-08-29,701,22501,64710,619475
E92000001,England,nation,2021-08-28,688,25118,116583,642499
E92000001,England,nation,2021-08-27,749,27545,115249,796954
E92000001,England,nation,2021-08-26,777,29417,127267,848434
E92000001,England,nation,2021-08-25,843,27350,142307,830720
E92000001,England,nation,2021-08-24,818,23474,109221,660532
E92000001,England,nation,2021-08-23,831,24158,113005,667003
E92000001,England,nation,2021-08-22,726,25952,96246,599609
E92000001,England,nation,2021-08-21,757,26982,174038,588246
E92000001,England,nation,2021-08-20,733,29576,145473,683738
E92000001,England,nation,2021-08-19,824,29762,153886,737575
E92000001,England,nation,2021-08-18,795,28648,147569,719593
E92000001,England,nation,2021-08-17,832,22712,120908,657110
E92000001,England,nation,2021-08-16,776,23171,117998,649153
E92000001,England,nation,2021-08-15,719,22859,101881,603825
E92000001,England,nation,2021-08-14,689,26700,173718,606346
E92000001,England,nation,2021-08-13,694,28679,143690,752219
E92000001,England,nation,2021-08-12,758,28093,165425,743984
E92000001,England,nation,2021-08-11,747,26647,145954,759064
E92000001,England,nation,2021-08-10,760,20630,123721,679362
E92000001,England,nation,2021-08-09,665,21915,112286,680362
E92000001,England,nation,2021-08-08,651,24196,94332,625874
E92000001,England,nation,2021-08-07,630,25877,184869,615248
E92000001,England,nation,2021-08-06,657,28321,137172,725447
E92000001,England,nation,2021-08-05,693,26512,143423,755499
E92000001,England,nation,2021-08-04,747,26393,131581,769808
E92000001,England,nation,2021-08-03,680,19012,108604,660857
E92000001,England,nation,2021-08-02,686,19175,94425,680708
E92000001,England,nation,2021-08-01,645,21645,92416,611419
E92000001,England,nation,2021-07-31,593,23949,182825,632198
E92000001,England,nation,2021-07-30,650,26241,142715,773979
E92000001,England,nation,2021-07-29,758,27524,145472,791254
E92000001,England,nation,2021-07-28,728,24367,131048,829924
E92000001,England,nation,2021-07-27,816,20290,118328,733973
E92000001,England,nation,2021-07-26,830,22181,115924,757754
E92000001,England,nation,2021-07-25,836,25434,94435,730820
E92000001,England,nation,2021-07-24,734,28968,177885,692843
E92000001,England,nation,2021-07-23,725,32792,154761,860428
E92000001,England,nation,2021-07-22,827,35939,156245,949313
E92000001,England,nation,2021-07-21,783,39504,146281,964123
E92000001,England,nation,2021-07-20,805,43261,126163,818415
E92000001,England,nation,2021-07-19,752,34657,112544,1027428
E92000001,England,nation,2021-07-18,698,44777,105472,966457
E92000001,England,nation,2021-07-17,622,50955,196422,725904
E92000001,England,nation,2021-07-16,593,47360,163936,919600
E92000001,England,nation,2021-07-15,658,44523,167152,1102043
E92000001,England,nation,2021-07-14,636,37895,151335,1128803
E92000001,England,nation,2021-07-13,621,32883,124905,859421
E92000001,England,nation,2021-07-12,610,30619,99817,1011603
E92000001,England,nation,2021-07-11,502,28421,80755,1048795
E92000001,England,nation,2021-07-10,442,29732,174745,695139
E92000001,England,nation,2021-07-09,451,31231,143603,842867
E92000001,England,nation,2021-07-08,488,28421,135457,1025140
E92000001,England,nation,2021-07-07,461,27516,128226,1147967
E92000001,England,nation,2021-07-06,458,25295,109148,891896
E92000001,England,nation,2021-07-05,416,23286,107977,1097123
E92000001,England,nation,2021-07-04,390,20454,85748,1195034
E92000001,England,nation,2021-07-03,323,21317,165665,602571
E92000001,England,nation,2021-07-02,307,22393,142275,794967
E92000001,England,nation,2021-07-01,295,22948,154177,1035456
E92000001,England,nation,2021-06-30,331,21293,138993,1163624
E92000001,England,nation,2021-06-29,283,16802,115484,807040
E92000001,England,nation,2021-06-28,244,18702,107318,1032734
E92000001,England,nation,2021-06-27,226,11560,97993,1142533
E92000001,England,nation,2021-06-26,223,15136,172324,566561
E92000001,England,nation,2021-06-25,206,13498,133375,776439
E92000001,England,nation,2021-06-24,194,13068,136679,997842
E92000001,England,nation,2021-06-23,214,12765,128688,1075951
E92000001,England,nation,2021-06-22,182,9096,210730,750708
E92000001,England,nation,2021-06-21,181,8766,0,969635
E92000001,England,nation,2021-06-20,171,7778,78594,1082517
E92000001,England,nation,2021-06-19,178,8954,195646,545008
E92000001,England,nation,2021-06-18,185,9185,162030,723275
E92000001,England,nation,2021-06-17,202,9371,176158,970345
E92000001,England,nation,2021-06-16,177,7642,180627,1032648
E92000001,England,nation,2021-06-15,188,6486,175703,713622
E92000001,England,nation,2021-06-14,185,6647,174262,886626
E92000001,England,nation,2021-06-13,187,6269,153449,997858
E92000001,England,nation,2021-06-12,137,6601,276813,489485
E92000001,England,nation,2021-06-11,144,6782,251641,681411
E92000001,England,nation,2021-06-10,162,6436,248650,876589
E92000001,England,nation,2021-06-09,158,6201,253913,1010064
E92000001,England,nation,2021-06-08,147,5250,252697,652779
E92000001,England,nation,2021-06-07,131,4913,244107,889593
E92000001,England,nation,2021-06-06,121,4405,217491,1187000
E92000001,England,nation,2021-06-05,96,4810,415644,444901
E92000001,England,nation,2021-06-04,96,5102,321602,604333
E92000001,England,nation,2021-06-03,93,4310,313526,738108
E92000001,England,nation,2021-06-02,101,3486,288963,784848
E92000001,England,nation,2021-06-01,115,2539,279285,607774
E92000001,England,nation,2021-05-31,98,2854,154674,560128
E92000001,England,nation,2021-05-30,80,2621,179424,569154
E92000001,England,nation,2021-05-29,69,2747,381816,443257
E92000001,England,nation,2021-05-28,92,3434,380855,611711
E92000001,England,nation,2021-05-27,83,2936,374042,886631
E92000001,England,nation,2021-05-26,95,2540,368554,1055650
E92000001,England,nation,2021-05-25,88,2081,327467,682406
E92000001,England,nation,2021-05-24,98,1972,279672,903433
E92000001,England,nation,2021-05-23,77,1734,220062,1113005
E92000001,England,nation,2021-05-22,75,2242,508013,458353
E92000001,England,nation,2021-05-21,85,2303,371460,659989
E92000001,England,nation,2021-05-20,98,2307,367142,922338
E92000001,England,nation,2021-05-19,93,2151,309020,1111532
E92000001,England,nation,2021-05-18,90,2008,269283,675411
E92000001,England,nation,2021-05-17,74,1645,210442,928113
E92000001,England,nation,2021-05-16,59,1471,157687,1035211
E92000001,England,nation,2021-05-15,70,1614,353764,419980
E92000001,England,nation,2021-05-14,72,1828,346425,623994
E92000001,England,nation,2021-05-13,74,2229,378650,928496
E92000001,England,nation,2021-05-12,93,1804,402524,1110108
E92000001,England,nation,2021-05-11,79,2117,308915,659536
E92000001,England,nation,2021-05-10,76,2009,192723,918222
E92000001,England,nation,2021-05-09,76,1418,160313,1265424
E92000001,England,nation,2021-05-08,80,1742,404510,458744
E92000001,England,nation,2021-05-07,77,2142,414731,648423
E92000001,England,nation,2021-05-06,88,2194,419232,1007154
E92000001,England,nation,2021-05-05,96,1906,348553,1144748
E92000001,England,nation,2021-05-04,76,1659,211639,812514
E92000001,England,nation,2021-05-03,98,1453,99785,1033028
E92000001,England,nation,2021-05-02,92,1377,137400,781243
E92000001,England,nation,2021-05-01,68,1642,329170,450096
E92000001,England,nation,2021-04-30,82,2046,361758,611014
E92000001,England,nation,2021-04-29,80,2103,395043,1003067
E92000001,England,nation,2021-04-28,89,1829,394152,1283192
E92000001,England,nation,2021-04-27,128,2410,313616,672079
E92000001,England,nation,2021-04-26,108,1752,249768,981557
E92000001,England,nation,2021-04-25,107,1401,227159,1414225
E92000001,England,nation,2021-04-24,99,1804,478008,456749
E92000001,England,nation,2021-04-23,124,2277,394144,661211
E92000001,England,nation,2021-04-22,92,2315,345675,1036991
E92000001,England,nation,2021-04-21,126,1943,339773,1305109
E92000001,England,nation,2021-04-20,98,2169,272929,676012
E92000001,England,nation,2021-04-19,138,2550,215665,998671
E92000001,England,nation,2021-04-18,112,1495,195871,1631309
E92000001,England,nation,2021-04-17,135,1897,458880,460574
E92000001,England,nation,2021-04-16,118,2225,446025,631544
E92000001,England,nation,2021-04-15,127,2171,363002,936979
E92000001,England,nation,2021-04-14,156,2054,292383,1095605
E92000001,England,nation,2021-04-13,153,2070,257732,632227
E92000001,England,nation,2021-04-12,173,3222,166273,834556
E92000001,England,nation,2021-04-11,175,1338,160454,1177999
E92000001,England,nation,2021-04-10,151,2032,437442,442212
E92000001,England,nation,2021-04-09,167,2638,404206,616831
E92000001,England,nation,2021-04-08,167,2486,403212,872523
E92000001,England,nation,2021-04-07,189,2304,372241,976636
E92000001,England,nation,2021-04-06,183,1937,162466,587942
E92000001,England,nation,2021-04-05,188,2236,54060,710539
E92000001,England,nation,2021-04-04,156,1954,39491,785479
E92000001,England,nation,2021-04-03,179,2847,157903,355051
E92000001,England,nation,2021-04-02,178,2881,215754,517247
E92000001,England,nation,2021-04-01,180,3784,411998,894525
E92000001,England,nation,2021-03-31,225,3327,341748,1194346
E92000001,England,nation,2021-03-30,217,3384,233828,642580
E92000001,England,nation,2021-03-29,206,4112,137405,925653
E92000001,England,nation,2021-03-28,221,3153,127078,1597146
E92000001,England,nation,2021-03-27,217,3813,201335,417592
E92000001,England,nation,2021-03-26,245,5273,250962,654514
E92000001,England,nation,2021-03-25,288,5286,198206,1202147
E92000001,England,nation,2021-03-24,277,4615,208013,1728376
E92000001,England,nation,2021-03-23,295,4583,134547,781572
E92000001,England,nation,2021-03-22,294,4746,64436,1143274
E92000001,England,nation,2021-03-21,279,4459,30418,1846349
E92000001,England,nation,2021-03-20,287,4732,70449,410959
E92000001,England,nation,2021-03-19,283,3809,100730,870294
E92000001,England,nation,2021-03-18,351,5213,104609,1366562
E92000001,England,nation,2021-03-17,343,4827,90906,1556840
E92000001,England,nation,2021-03-16,364,4391,62909,1264415
E92000001,England,nation,2021-03-15,431,4264,32082,1528826
E92000001,England,nation,2021-03-14,357,3774,14378,926566
E92000001,England,nation,2021-03-13,385,4539,38640,393146
E92000001,England,nation,2021-03-12,386,5529,67514,1350707
E92000001,England,nation,2021-03-11,449,5744,69680,1555552
E92000001,England,nation,2021-03-10,494,4863,70960,1488744
E92000001,England,nation,2021-03-09,483,4894,47151,1322857
E92000001,England,nation,2021-03-08,501,3903,23800,1491126
E92000001,England,nation,2021-03-07,461,4497,9133,770423
E92000001,England,nation,2021-03-06,528,5118,21688,411384
E92000001,England,nation,2021-03-05,487,5053,37235,898450
E92000001,England,nation,2021-03-04,596,5643,45045,936467
E92000001,England,nation,2021-03-03,607,5408,44001,803883
E92000001,England,nation,2021-03-02,683,5530,27652,623321
E92000001,England,nation,2021-03-01,704,4738,12632,691382
E92000001,England,nation,2021-02-28,662,5080,9388,489905
E92000001,England,nation,2021-02-27,624,6527,15584,337138
E92000001,England,nation,2021-02-26,718,7393,16226,555513
E92000001,England,nation,2021-02-25,832,8623,16168,674490
E92000001,England,nation,2021-02-24,874,8644,14209,675562
E92000001,England,nation,2021-02-23,976,7292,9581,545669
E92000001,England,nation,2021-02-22,980,9420,5344,625903
E92000001,England,nation,2021-02-21,1009,8408,2346,542687
E92000001,England,nation,2021-02-20,904,8964,2432,351540
E92000001,England,nation,2021-02-19,1068,10296,3895,460915
E92000001,England,nation,2021-02-18,1149,10740,4561,482967
E92000001,England,nation,2021-02-17,1233,10926,4497,508877
E92000001,England,nation,2021-02-16,1311,9236,3128,431987
E92000001,England,nation,2021-02-15,1322,8609,1854,406430
E92000001,England,nation,2021-02-14,1364,9499,837,352340
E92000001,England,nation,2021-02-13,1240,11697,2186,342871
E92000001,England,nation,2021-02-12,1318,13299,3733,555439
E92000001,England,nation,2021-02-11,1440,12001,4646,656722
E92000001,England,nation,2021-02-10,1535,11551,4092,691214
E92000001,England,nation,2021-02-09,1531,10916,2173,517303
E92000001,England,nation,2021-02-08,1739,12270,1419,582823
E92000001,England,nation,2021-02-07,1675,14466,312,538804
E92000001,England,nation,2021-02-06,1679,16302,601,410657
E92000001,England,nation,2021-02-05,1757,17314,1941,612325
E92000001,England,nation,2021-02-04,1907,18529,2611,726501
E92000001,England,nation,2021-02-03,2096,17265,2282,732372
E92000001,England,nation,2021-02-02,2222,15021,1386,556388
E92000001,England,nation,2021-02-01,2347,16815,1596,606640
E92000001,England,nation,2021-01-31,2183,19054,2757,531033
E92000001,England,nation,2021-01-30,2193,21089,10252,391911
E92000001,England,nation,2021-01-29,2379,26709,1526,605879
E92000001,England,nation,2021-01-28,2719,26182,1271,688218
E92000001,England,nation,2021-01-27,2742,22914,1090,703483
E92000001,England,nation,2021-01-26,2799,17920,1001,546624
E92000001,England,nation,2021-01-25,2648,20149,1326,506076
E92000001,England,nation,2021-01-24,2824,27580,610,367638
E92000001,England,nation,2021-01-23,2780,30496,774,429003
E92000001,England,nation,2021-01-22,3016,37115,1118,568070
E92000001,England,nation,2021-01-21,3237,34371,2334,592060
E92000001,England,nation,2021-01-20,3679,35061,2723,568125
E92000001,England,nation,2021-01-19,3768,30371,2989,516094
E92000001,England,nation,2021-01-18,3711,34134,3750,510286
E92000001,England,nation,2021-01-17,3424,35263,1284,364754
E92000001,England,nation,2021-01-16,3569,37759,1775,431296
E92000001,England,nation,2021-01-15,3295,50741,3817,531635
E92000001,England,nation,2021-01-14,3678,44358,4854,598003
E92000001,England,nation,2021-01-13,3840,42898,8362,545743
E92000001,England,nation,2021-01-12,4134,41121,13369,504843
E92000001,England,nation,2021-01-11,3894,41835,19312,482894
E92000001,England,nation,2021-01-10,3571,50291,,402499
E92000001,England,nation,2021-01-09,3718,54257,,482502
E92000001,England,nation,2021-01-08,3549,61757,,592281
E92000001,England,nation,2021-01-07,3849,46841,,537119
E92000001,England,nation,2021-01-06,3967,56060,,492394
E92000001,England,nation,2021-01-05,3697,54940,,439597
E92000001,England,nation,2021-01-04,3587,53180,,414432
E92000001,England,nation,2021-01-03,3351,46853,,382173
E92000001,England,nation,2021-01-02,3145,49248,,349307
E92000001,England,nation,2021-01-01,3010,50746,,362497
E92000001,England,nation,2020-12-31,2536,49510,,442318
E92000001,England,nation,2020-12-30,2861,43554,,349457
E92000001,England,nation,2020-12-29,2886,47164,,284345
E92000001,England,nation,2020-12-28,2795,36511,,318747
E92000001,England,nation,2020-12-27,2572,25619,,319518
E92000001,England,nation,2020-12-26,2298,31307,,226824
E92000001,England,nation,2020-12-25,1952,31560,,310558
E92000001,England,nation,2020-12-24,1795,35561,,418340
E92000001,England,nation,2020-12-23,1980,34247,,437996
E92000001,England,nation,2020-12-22,2203,32288,,386644
E92000001,England,nation,2020-12-21,2115,28742,,361195
E92000001,England,nation,2020-12-20,1976,32155,,352837
E92000001,England,nation,2020-12-19,1812,22775,,386407
E92000001,England,nation,2020-12-18,1672,24452,,329643
E92000001,England,nation,2020-12-17,1873,22401,,319833
E92000001,England,nation,2020-12-16,1796,23432,,254424
E92000001,England,nation,2020-12-15,1730,16504,,264953
E92000001,England,nation,2020-12-14,1746,17882,,242133
E92000001,England,nation,2020-12-13,1581,17164,,273537
E92000001,England,nation,2020-12-12,1587,17468,,317246
E92000001,England,nation,2020-12-11,1450,17899,,324374
E92000001,England,nation,2020-12-10,1524,17622,,329724
E92000001,England,nation,2020-12-09,1550,12960,,309634
E92000001,England,nation,2020-12-08,1528,10459,,239688
E92000001,England,nation,2020-12-07,1466,11623,,177266
E92000001,England,nation,2020-12-06,1311,14294,,224576
E92000001,England,nation,2020-12-05,1186,12666,,296335
E92000001,England,nation,2020-12-04,1248,13412,,317108
E92000001,England,nation,2020-12-03,1337,11992,,318015
E92000001,England,nation,2020-12-02,1262,13323,,282536
E92000001,England,nation,2020-12-01,1271,11618,,251969
E92000001,England,nation,2020-11-30,1216,10869,,173094
E92000001,England,nation,2020-11-29,1215,10054,,170750
E92000001,England,nation,2020-11-28,1065,13323,,250086
E92000001,England,nation,2020-11-27,1055,13557,,264297
E92000001,England,nation,2020-11-26,1198,14637,,308240
E92000001,England,nation,2020-11-25,1415,15893,,275109
E92000001,England,nation,2020-11-24,1277,9854,,257557
E92000001,England,nation,2020-11-23,1385,13329,,166447
E92000001,England,nation,2020-11-22,1333,16668,,204444
E92000001,England,nation,2020-11-21,1255,17615,,292050
E92000001,England,nation,2020-11-20,1316,17845,,319264
E92000001,England,nation,2020-11-19,1484,20291,,314969
E92000001,England,nation,2020-11-18,1571,17189,,292040
E92000001,England,nation,2020-11-17,1491,17549,,237965
E92000001,England,nation,2020-11-16,1560,19423,,191060
E92000001,England,nation,2020-11-15,1467,21998,,238240
E92000001,England,nation,2020-11-14,1388,24298,,290889
E92000001,England,nation,2020-11-13,1433,24540,,324618
E92000001,England,nation,2020-11-12,1666,30843,,322226
E92000001,England,nation,2020-11-11,1711,19970,,317352
E92000001,England,nation,2020-11-10,1592,18622,,249184
E92000001,England,nation,2020-11-09,1551,19036,,208913
E92000001,England,nation,2020-11-08,1488,18293,,235875
E92000001,England,nation,2020-11-07,1319,21875,,275061
E92000001,England,nation,2020-11-06,1182,20268,,297231
E92000001,England,nation,2020-11-05,1346,21137,,284644
E92000001,England,nation,2020-11-04,1382,21863,,252074
E92000001,England,nation,2020-11-03,1246,17330,,219591
E92000001,England,nation,2020-11-02,1331,15860,,164028
E92000001,England,nation,2020-11-01,1280,20602,,214702
E92000001,England,nation,2020-10-31,1240,18864,,245467
E92000001,England,nation,2020-10-30,1109,20821,,240513
E92000001,England,nation,2020-10-29,1345,19740,,275782
E92000001,England,nation,2020-10-28,1239,21245,,251947
E92000001,England,nation,2020-10-27,1190,19629,,223852
E92000001,England,nation,2020-10-26,1279,17883,,189688
E92000001,England,nation,2020-10-25,1186,16487,,254588
E92000001,England,nation,2020-10-24,990,19332,,246877
E92000001,England,nation,2020-10-23,997,17116,,275482
E92000001,England,nation,2020-10-22,987,17354,,277346
E92000001,England,nation,2020-10-21,997,22948,,246573
E92000001,England,nation,2020-10-20,925,17814,,224021
E92000001,England,nation,2020-10-19,861,16365,,203636
E92000001,England,nation,2020-10-18,870,14704,,247423
E92000001,England,nation,2020-10-17,785,13299,,239949
E92000001,England,nation,2020-10-16,632,12176,,262139
E92000001,England,nation,2020-10-15,792,16139,,240581
E92000001,England,nation,2020-10-14,706,16132,,242525
E92000001,England,nation,2020-10-13,764,14310,,210548
E92000001,England,nation,2020-10-12,664,11647,,164177
E92000001,England,nation,2020-10-11,628,10383,,207072
E92000001,England,nation,2020-10-10,515,12628,,219767
E92000001,England,nation,2020-10-09,544,10772,,242852
E92000001,England,nation,2020-10-08,513,14952,,232969
E92000001,England,nation,2020-10-07,491,11528,,203908
E92000001,England,nation,2020-10-06,524,12648,,206933
E92000001,England,nation,2020-10-05,472,10685,,204621
E92000001,England,nation,2020-10-04,478,21309,,191426
E92000001,England,nation,2020-10-03,386,10806,,226193
E92000001,England,nation,2020-10-02,371,4797,,214467
E92000001,England,nation,2020-10-01,368,5589,,208390
E92000001,England,nation,2020-09-30,328,5656,,210071
E92000001,England,nation,2020-09-29,310,5651,,184624
E92000001,England,nation,2020-09-28,308,3316,,173952
E92000001,England,nation,2020-09-27,241,4800,,198479
E92000001,England,nation,2020-09-26,245,4639,,202975
E92000001,England,nation,2020-09-25,274,5723,,227056
E92000001,England,nation,2020-09-24,288,5632,,216636
E92000001,England,nation,2020-09-23,314,5083,,205663
E92000001,England,nation,2020-09-22,268,4187,,194493
E92000001,England,nation,2020-09-21,275,3754,,166199
E92000001,England,nation,2020-09-20,237,3279,,192119
E92000001,England,nation,2020-09-19,204,3638,,212982
E92000001,England,nation,2020-09-18,205,3771,,217362
E92000001,England,nation,2020-09-17,199,2788,,205264
E92000001,England,nation,2020-09-16,183,3396,,207516
E92000001,England,nation,2020-09-15,194,2649,,200210
E92000001,England,nation,2020-09-14,172,2259,,183010
E92000001,England,nation,2020-09-13,153,2837,,186464
E92000001,England,nation,2020-09-12,143,3008,,188445
E92000001,England,nation,2020-09-11,135,3143,,209405
E92000001,England,nation,2020-09-10,143,2578,,198710
E92000001,England,nation,2020-09-09,136,2286,,178198
E92000001,England,nation,2020-09-08,99,2094,,164626
E92000001,England,nation,2020-09-07,84,2528,,153403
E92000001,England,nation,2020-09-06,85,2576,,146110
E92000001,England,nation,2020-09-05,94,1477,,138964
E92000001,England,nation,2020-09-04,67,1669,,167091
E92000001,England,nation,2020-09-03,69,1507,,156472
E92000001,England,nation,2020-09-02,79,1239,,153341
E92000001,England,nation,2020-09-01,58,1041,,128278
E92000001,England,nation,2020-08-31,52,1149,,129093
E92000001,England,nation,2020-08-30,38,1487,,131938
E92000001,England,nation,2020-08-29,52,891,,134728
E92000001,England,nation,2020-08-28,44,1106,,143684
E92000001,England,nation,2020-08-27,69,1350,,158514
E92000001,England,nation,2020-08-26,52,875,,154171
E92000001,England,nation,2020-08-25,60,1065,,135380
E92000001,England,nation,2020-08-24,41,758,,114923
E92000001,England,nation,2020-08-23,44,938,,136407
E92000001,England,nation,2020-08-22,25,1060,,143117
E92000001,England,nation,2020-08-21,49,908,,161792
E92000001,England,nation,2020-08-20,45,1035,,153990
E92000001,England,nation,2020-08-19,58,707,,155714
E92000001,England,nation,2020-08-18,56,975,,139115
E92000001,England,nation,2020-08-17,46,634,,123659
E92000001,England,nation,2020-08-16,39,952,,142809
E92000001,England,nation,2020-08-15,38,934,,153610
E92000001,England,nation,2020-08-14,55,1284,,147324
E92000001,England,nation,2020-08-13,60,1059,,140705
E92000001,England,nation,2020-08-12,51,925,,155059
E92000001,England,nation,2020-08-11,63,1035,,131916
E92000001,England,nation,2020-08-10,50,699,,119028
E92000001,England,nation,2020-08-09,53,988,,129513
E92000001,England,nation,2020-08-08,78,679,,130547
E92000001,England,nation,2020-08-07,60,796,,141601
E92000001,England,nation,2020-08-06,52,826,,147556
E92000001,England,nation,2020-08-05,60,804,,135562
E92000001,England,nation,2020-08-04,58,617,,128983
E92000001,England,nation,2020-08-03,74,856,,115267
E92000001,England,nation,2020-08-02,57,676,,106765
E92000001,England,nation,2020-08-01,50,722,,118567
E92000001,England,nation,2020-07-31,55,814,,130267
E92000001,England,nation,2020-07-30,75,812,,139459
E92000001,England,nation,2020-07-29,63,700,,131004
E92000001,England,nation,2020-07-28,69,547,,122852
E92000001,England,nation,2020-07-27,82,616,,74300
E92000001,England,nation,2020-07-26,64,721,,89686
E92000001,England,nation,2020-07-25,65,710,,121177
E92000001,England,nation,2020-07-24,93,688,,129726
E92000001,England,nation,2020-07-23,109,702,,119536
E92000001,England,nation,2020-07-22,82,519,,123219
E92000001,England,nation,2020-07-21,79,399,,117233
E92000001,England,nation,2020-07-20,86,535,,78789
E92000001,England,nation,2020-07-19,72,672,,88553
E92000001,England,nation,2020-07-18,48,796,,111210
E92000001,England,nation,2020-07-17,83,635,,150355
E92000001,England,nation,2020-07-16,114,597,,143120
E92000001,England,nation,2020-07-15,116,506,,130153
E92000001,England,nation,2020-07-14,122,372,,113811
E92000001,England,nation,2020-07-13,137,497,,75439
E92000001,England,nation,2020-07-12,72,615,,
E92000001,England,nation,2020-07-11,97,806,,
E92000001,England,nation,2020-07-10,104,480,,
E92000001,England,nation,2020-07-09,136,617,,
E92000001,England,nation,2020-07-08,141,606,,
E92000001,England,nation,2020-07-07,148,572,,
E92000001,England,nation,2020-07-06,150,331,,
E92000001,England,nation,2020-07-05,131,492,,
E92000001,England,nation,2020-07-04,120,579,,
E92000001,England,nation,2020-07-03,146,502,,
E92000001,England,nation,2020-07-02,149,523,,
E92000001,England,nation,2020-07-01,201,177,,
E92000001,England,nation,2020-06-30,189,196,,
E92000001,England,nation,2020-06-29,172,99,,
E92000001,England,nation,2020-06-28,155,142,,
E92000001,England,nation,2020-06-27,209,192,,
E92000001,England,nation,2020-06-26,248,175,,
E92000001,England,nation,2020-06-25,256,261,,
E92000001,England,nation,2020-06-24,262,107,,
E92000001,England,nation,2020-06-23,275,210,,
E92000001,England,nation,2020-06-22,318,178,,
E92000001,England,nation,2020-06-21,215,215,,
E92000001,England,nation,2020-06-20,184,324,,
E92000001,England,nation,2020-06-19,253,323,,
E92000001,England,nation,2020-06-18,312,281,,
E92000001,England,nation,2020-06-17,334,252,,
E92000001,England,nation,2020-06-16,354,252,,
E92000001,England,nation,2020-06-15,365,219,,
E92000001,England,nation,2020-06-14,306,292,,
E92000001,England,nation,2020-06-13,265,372,,
E92000001,England,nation,2020-06-12,298,392,,
E92000001,England,nation,2020-06-11,330,304,,
E92000001,England,nation,2020-06-10,402,63,,
E92000001,England,nation,2020-06-09,397,651,,
E92000001,England,nation,2020-06-08,348,92,,
E92000001,England,nation,2020-06-07,323,228,,
E92000001,England,nation,2020-06-06,306,422,,
E92000001,England,nation,2020-06-05,380,451,,
E92000001,England,nation,2020-06-04,458,431,,
E92000001,England,nation,2020-06-03,491,462,,
E92000001,England,nation,2020-06-02,553,444,,
E92000001,England,nation,2020-06-01,522,294,,
E92000001,England,nation,2020-05-31,446,320,,
E92000001,England,nation,2020-05-30,466,715,,
E92000001,England,nation,2020-05-29,499,560,,
E92000001,England,nation,2020-05-28,570,519,,
E92000001,England,nation,2020-05-27,589,609,,
E92000001,England,nation,2020-05-26,578,492,,
E92000001,England,nation,2020-05-25,498,494,,
E92000001,England,nation,2020-05-24,497,584,,
E92000001,England,nation,2020-05-23,504,979,,
E92000001,England,nation,2020-05-22,638,1083,,
E92000001,England,nation,2020-05-21,715,854,,
E92000001,England,nation,2020-05-20,732,824,,
E92000001,England,nation,2020-05-19,752,857,,
E92000001,England,nation,2020-05-18,733,816,,
E92000001,England,nation,2020-05-17,673,788,,
E92000001,England,nation,2020-05-16,671,1136,,
E92000001,England,nation,2020-05-15,738,1112,,
E92000001,England,nation,2020-05-14,763,1189,,
E92000001,England,nation,2020-05-13,804,1146,,
E92000001,England,nation,2020-05-12,844,1067,,
E92000001,England,nation,2020-05-11,866,891,,
E92000001,England,nation,2020-05-10,756,1007,,
E92000001,England,nation,2020-05-09,798,1349,,
E92000001,England,nation,2020-05-08,743,1694,,
E92000001,England,nation,2020-05-07,998,2133,,
E92000001,England,nation,2020-05-06,1040,1611,,
E92000001,England,nation,2020-05-05,959,1842,,
E92000001,England,nation,2020-05-04,1063,1485,,
E92000001,England,nation,2020-05-03,1044,2019,,
E92000001,England,nation,2020-05-02,980,2228,,
E92000001,England,nation,2020-05-01,1081,2501,,
E92000001,England,nation,2020-04-30,1227,2484,,
E92000001,England,nation,2020-04-29,1295,1403,,
E92000001,England,nation,2020-04-28,1296,1989,,
E92000001,England,nation,2020-04-27,1344,2264,,
E92000001,England,nation,2020-04-26,1208,2152,,
E92000001,England,nation,2020-04-25,1080,2826,,
E92000001,England,nation,2020-04-24,1277,3004,,
E92000001,England,nation,2020-04-23,1289,3084,,
E92000001,England,nation,2020-04-22,1310,3020,,
E92000001,England,nation,2020-04-21,1495,3087,,
E92000001,England,nation,2020-04-20,1522,2401,,
E92000001,England,nation,2020-04-19,1475,3607,,
E92000001,England,nation,2020-04-18,1411,3548,,
E92000001,England,nation,2020-04-17,1674,3985,,
E92000001,England,nation,2020-04-16,1777,3118,,
E92000001,England,nation,2020-04-15,1608,3188,,
E92000001,England,nation,2020-04-14,1859,3854,,
E92000001,England,nation,2020-04-13,1912,2999,,
E92000001,England,nation,2020-04-12,1791,3672,,
E92000001,England,nation,2020-04-11,1955,3841,,
E92000001,England,nation,2020-04-10,2196,4263,,
E92000001,England,nation,2020-04-09,2340,3798,,
E92000001,England,nation,2020-04-08,2619,4788,,
E92000001,England,nation,2020-04-07,2744,2978,,
E92000001,England,nation,2020-04-06,2679,3176,,
E92000001,England,nation,2020-04-05,2592,5107,,
E92000001,England,nation,2020-04-04,2593,2910,,
E92000001,England,nation,2020-04-03,2564,3576,,
E92000001,England,nation,2020-04-02,2932,3583,,
E92000001,England,nation,2020-04-01,3099,3630,,
E92000001,England,nation,2020-03-31,2447,2414,,
E92000001,England,nation,2020-03-30,2817,2107,,
E92000001,England,nation,2020-03-29,2186,2060,,
E92000001,England,nation,2020-03-28,1873,2139,,
E92000001,England,nation,2020-03-27,1931,2506,,
E92000001,England,nation,2020-03-26,1639,1809,,
E92000001,England,nation,2020-03-25,1755,1130,,
E92000001,England,nation,2020-03-24,1544,1258,,
E92000001,England,nation,2020-03-23,1128,793,,
E92000001,England,nation,2020-03-22,859,535,,
E92000001,England,nation,2020-03-21,777,873,,
E92000001,England,nation,2020-03-20,691,628,,
E92000001,England,nation,2020-03-19,586,574,,
E92000001,England,nation,2020-03-18,,625,,
E92000001,England,nation,2020-03-17,,361,,
E92000001,England,nation,2020-03-16,,97,,
E92000001,England,nation,2020-03-15,,253,,
E92000001,England,nation,2020-03-14,,201,,
E92000001,England,nation,2020-03-13,,159,,
E92000001,England,nation,2020-03-12,,99,,
E92000001,England,nation,2020-03-11,,63,,
E92000001,England,nation,2020-03-10,,46,,
E92000001,England,nation,2020-03-09,,40,,
E92000001,England,nation,2020-03-08,,58,,
E92000001,England,nation,2020-03-07,,39,,
E92000001,England,nation,2020-03-06,,39,,
E92000001,England,nation,2020-03-05,,25,,
E92000001,England,nation,2020-03-04,,32,,
E92000001,England,nation,2020-03-03,,11,,
E92000001,England,nation,2020-03-02,,4,,
E92000001,England,nation,2020-03-01,,12,,
E92000001,England,nation,2020-02-29,,3,,
E92000001,England,nation,2020-02-28,,5,,
E92000001,England,nation,2020-02-27,,0,,
E92000001,England,nation,2020-02-26,,0,,
E92000001,England,nation,2020-02-25,,0,,
E92000001,England,nation,2020-02-24,,4,,
E92000001,England,nation,2020-02-23,,0,,
E92000001,England,nation,2020-02-22,,0,,
E92000001,England,nation,2020-02-21,,0,,
E92000001,England,nation,2020-02-20,,0,,
E92000001,England,nation,2020-02-19,,0,,
E92000001,England,nation,2020-02-18,,0,,
E92000001,England,nation,2020-02-17,,0,,
E92000001,England,nation,2020-02-16,,0,,
E92000001,England,nation,2020-02-15,,0,,
E92000001,England,nation,2020-02-14,,0,,
E92000001,England,nation,2020-02-13,,1,,
E92000001,England,nation,2020-02-12,,0,,
E92000001,England,nation,2020-02-11,,0,,
E92000001,England,nation,2020-02-10,,4,,
E92000001,England,nation,2020-02-09,,1,,
E92000001,England,nation,2020-02-08,,0,,
E92000001,England,nation,2020-02-07,,0,,
E92000001,England,nation,2020-02-06,,1,,
E92000001,England,nation,2020-02-05,,0,,
E92000001,England,nation,2020-02-04,,0,,
E92000001,England,nation,2020-02-03,,0,,
E92000001,England,nation,2020-02-02,,0,,
E92000001,England,nation,2020-02-01,,0,,
E92000001,England,nation,2020-01-31,,2,,
